gene_id,tumour_type,SHEF21,SHEF22,SHEF24,SHEF25,SHEF16,SHEF18,SHEF20,log2FoldChange,pvalue,padj,gene_name,gene_chr,gene_start,gene_end,gene_strand,gene_length,gene_biotype,gene_description,tf_family,-log10(padj)
ENSMUSG00000020893,"AML, CMML,N.A.",2101.434969,1996.341349,1951.332405,1346.394797,3233.177642,2536.53147,2498.049362,-0.575906636,0.011888463,0.999837792,Per1,11,69095217,69109960,+,5631,protein_coding,period circadian clock 1 [Source:MGI Symbol;Acc:MGI:1098283],-,7.04518E-05
ENSMUSG00000062960,"NSCLC, angiosarcoma,N.A.",446.7688575,285.8079187,310.054444,351.1937649,174.9970737,199.6344213,281.1081461,0.671816995,0.013330143,0.999837792,Kdr,5,75932827,75978458,-,9030,protein_coding,kinase insert domain protein receptor [Source:MGI Symbol;Acc:MGI:96683],-,7.04518E-05
